launch_angle,exit_velocity,hit_distance_sc,spray_angle,game_type,is_hit
-31.0,88.4,3.0,-25.39473539002464,RS,0
39.0,97.2,353.0,0.9902243193445717,RS,0
-40.0,83.1,2.0,-31.02256622824232,RS,0
42.0,96.8,326.0,-2.7780691387197325,RS,0
5.0,105.6,106.0,33.64953163181232,RS,0
21.0,103.2,369.0,-16.381076979137777,RS,0
1.0,78.7,42.0,22.761213632111236,RS,0
35.0,99.3,373.0,3.635314327330606,RS,0
5.0,86.2,80.0,-13.281933190845221,RS,0
-22.0,106.4,5.0,-28.34526282503981,RS,1
-12.0,80.9,14.0,30.167983547433735,RS,0
20.0,112.9,389.0,-23.99445280474036,RS,1
53.0,98.3,275.0,-22.057128031292116,RS,0
10.0,108.6,275.0,4.827610355406158,RS,1
34.0,92.5,327.0,2.735248503331512,RS,0
49.0,69.0,192.0,-27.517825645457776,RS,0
23.0,100.1,375.0,9.73298961189227,RS,0
-6.0,100.4,16.0,12.483544409306806,RS,0
25.0,82.7,303.0,7.291586884937644,RS,0
11.0,107.5,184.0,-5.673138977502819,RS,0
11.0,95.4,157.0,31.423606583243995,RS,0
11.0,78.4,146.0,-14.49957384786623,RS,0
-15.0,83.1,7.0,16.607972737902596,RS,0
22.0,97.3,345.0,25.064906021222512,RS,0
3.0,87.8,57.0,13.759975737674957,RS,0
0.0,109.4,56.0,25.195225462662926,RS,1
22.0,99.9,358.0,25.826719555869694,RS,1
37.0,67.8,226.0,1.3771588963035866,RS,1
39.0,104.1,348.0,-0.3562986838331514,RS,0
-13.0,96.3,10.0,-33.784160654181,RS,1
-14.0,101.5,11.0,3.382060351978547,RS,1
8.0,102.7,166.0,-14.710018148513313,RS,0
20.0,88.5,281.0,19.77855609506556,RS,0
-43.0,81.4,3.0,-33.25570081687987,RS,0
35.0,79.7,290.0,-4.952536344389938,RS,0
39.0,99.0,401.0,-25.21533523216117,RS,1
-9.0,89.0,12.0,-11.24755021103324,RS,0
6.0,105.9,125.0,31.882120683431918,RS,0
31.0,95.9,357.0,-21.80311589749077,RS,0
-2.0,105.2,37.0,-0.4950815288372057,RS,0
28.0,103.8,412.0,-8.491097954126785,RS,1
37.0,90.0,316.0,-28.204529514103065,RS,0
-6.0,94.3,18.0,-20.815537337370532,RS,0
-2.0,102.2,27.0,-0.58546808748091,RS,1
47.0,88.8,287.0,-23.18744223072925,RS,0
62.0,86.2,162.0,17.156724253226546,RS,0
-5.0,93.4,21.0,-25.483145576488592,RS,0
-8.0,92.4,18.0,-33.7288350856214,RS,1
-9.0,77.7,15.0,-27.966360133040368,RS,0
8.0,98.1,164.0,26.93186596343339,RS,1
29.0,98.3,376.0,15.04122743690457,RS,0
28.0,84.8,295.0,15.332993007013156,RS,0
-12.0,71.6,9.0,18.65544717988837,RS,0
-16.0,93.7,8.0,30.75150931272035,RS,0
-7.0,88.7,13.0,-18.0211835803811,RS,0
1.0,78.2,47.0,-17.943898777251675,RS,0
76.0,73.3,88.0,49.95851956654873,RS,0
25.0,104.4,429.0,-3.658019688630869,RS,1
7.0,72.5,82.0,-24.04868407879609,RS,0
54.0,87.6,212.0,11.930070165832497,RS,0
7.0,98.1,129.0,-22.421429182623214,RS,1
5.0,96.3,98.0,-10.73276782182983,RS,0
28.0,106.1,390.0,29.9024366833267,RS,1
36.0,92.6,313.0,-22.1644321728834,RS,0
36.0,87.2,304.0,11.131585116999304,RS,0
57.0,91.7,223.0,34.037579829494426,RS,0
60.0,96.3,200.0,31.15171146004119,RS,0
12.0,104.8,273.0,-8.200538833409347,RS,1
0.0,85.6,43.0,-4.11868411996895,RS,0
-11.0,99.7,14.0,-19.846488904429428,RS,0
5.0,83.6,81.0,11.045831647571038,RS,0
60.0,82.3,190.0,26.49130496014954,RS,0
5.0,88.8,101.0,-13.160496437380308,RS,1
-12.0,105.6,12.0,18.229761447286812,RS,0
-5.0,90.2,16.0,31.509536081670458,RS,0
56.0,90.0,230.0,-21.405718327486593,RS,0
13.0,90.5,190.0,14.045318641536351,RS,1
20.0,90.3,295.0,23.278120575557598,RS,0
15.0,92.8,242.0,-2.470829489447707,RS,1
49.0,79.9,242.0,-34.16474890598792,RS,0
3.0,81.8,51.0,30.278394262430425,RS,0
-5.0,68.8,14.0,18.802129106059677,RS,0
32.0,90.0,331.0,-1.7052865094721565,RS,0
-1.0,69.7,29.0,21.20117081395111,RS,0
15.0,78.9,189.0,21.65744097151495,RS,1
-9.0,91.8,11.0,-12.434093081604859,RS,0
-48.0,53.5,3.0,-26.48214837928772,RS,0
44.0,98.1,331.0,22.860377810253713,RS,0
36.0,73.1,242.0,-25.83421493674739,RS,0
-48.0,84.7,2.0,25.677921939748483,RS,1
44.0,61.2,171.0,-12.378968412160933,RS,0
-42.0,62.1,3.0,-36.14799619954183,RS,0
0.0,83.4,45.0,18.725157374797725,RS,0
25.0,99.1,385.0,-10.386730412013875,RS,0
11.0,104.5,176.0,23.706034155145932,RS,0
27.0,80.4,286.0,5.512357148290681,RS,0
53.0,82.1,224.0,22.29371632747388,RS,0
7.0,102.8,109.0,17.38344695966019,RS,0
23.0,82.5,241.0,31.575719608164135,RS,1
37.0,99.4,357.0,29.558751373518525,RS,0
36.0,96.1,364.0,-6.867831148593626,RS,0
12.0,92.9,160.0,-26.425188446298993,RS,0
24.0,107.4,404.0,-26.61436538216924,RS,1
19.0,82.2,245.0,-11.830926778786917,RS,1
49.0,89.9,276.0,37.07351841012056,RS,0
40.0,93.1,298.0,20.303083442968926,RS,0
-21.0,91.9,10.0,5.261502060632934,RS,1
61.0,79.2,191.0,33.62940583211004,RS,0
38.0,103.2,363.0,14.885469985195435,RS,0
26.0,79.6,276.0,-14.757978911566681,RS,0
20.0,92.2,319.0,1.5388732968811798,RS,0
21.0,73.4,241.0,1.3264141468544757,RS,1
48.0,62.4,180.0,-0.7495767897469413,RS,0
12.0,104.4,297.0,-15.287314758007268,RS,1
61.0,76.7,163.0,-1.5645076439361438,RS,0
1.0,80.1,43.0,-25.245567357166188,RS,0
18.0,70.1,170.0,-22.716792840710628,RS,1
-5.0,96.9,22.0,-21.64280032374692,RS,0
-14.0,103.8,8.0,14.01687851741029,RS,0
76.0,91.6,55.0,25.873212971826085,RS,0
-6.0,110.1,19.0,-2.679199001403036,RS,1
-16.0,93.8,8.0,-13.805393052221088,RS,0
-26.0,64.0,5.0,23.85048062915732,RS,0
69.0,79.0,140.0,-43.49213006615378,RS,0
9.0,104.0,209.0,-5.6180810200711555,RS,1
42.0,80.4,266.0,9.6003227132441,RS,0
-7.0,93.8,17.0,17.186054308138097,RS,1
0.0,78.0,39.0,35.65384642041964,RS,0
17.0,105.7,341.0,-6.46651172382597,RS,1
-5.0,72.8,25.0,19.73778179132764,RS,0
15.0,101.0,315.0,0.6720731386497376,RS,0
-17.0,63.9,7.0,-27.076185473879875,RS,0
-41.0,87.4,3.0,-29.445521549819972,RS,0
38.0,93.5,323.0,-20.091756578993795,RS,0
-1.0,83.9,40.0,21.861871429938095,RS,1
-9.0,102.0,11.0,-22.751461399314923,RS,1
7.0,101.2,191.0,12.034874113071115,RS,1
26.0,91.1,339.0,11.243479320073114,RS,1
-5.0,98.6,21.0,-27.00155464942631,RS,0
44.0,82.2,249.0,12.324484414304703,RS,0
63.0,77.3,168.0,47.33315422050504,RS,0
37.0,94.1,318.0,-17.088020718017084,RS,0
17.0,105.3,328.0,-22.524431526401173,RS,0
26.0,103.5,411.0,13.68695911401237,RS,1
-27.0,66.2,6.0,31.824990354359677,RS,0
30.0,96.0,379.0,0.7919402232702488,RS,0
19.0,101.0,335.0,-12.878984789168188,RS,0
26.0,68.9,219.0,11.169585603391397,RS,1
-42.0,39.0,4.0,-24.656081270412443,RS,0
3.0,84.4,65.0,22.573323478084202,RS,0
45.0,81.3,253.0,-7.6441958425348,RS,0
9.0,93.3,126.0,-27.589242678681828,RS,0
4.0,74.4,57.0,-11.561814564977542,RS,0
13.0,94.4,240.0,30.58039508301304,RS,1
-13.0,97.2,5.0,-24.7819554874283,RS,0
-39.0,39.9,3.0,33.45721949367328,RS,0
29.0,101.0,389.0,-13.840907570848026,RS,1
-46.0,46.9,2.0,-13.867059356442386,RS,0
76.0,84.2,80.0,30.256649520669157,RS,0
-60.0,76.2,1.0,-22.476565695922506,RS,0
-18.0,65.8,9.0,8.536683867696638,RS,0
21.0,76.6,216.0,-31.963996253322662,RS,1
28.0,98.4,390.0,14.283737159911645,RS,1
-11.0,88.9,12.0,4.8118134906804455,RS,0
23.0,107.9,404.0,17.50342462946073,RS,1
43.0,57.9,170.0,-22.437457850818827,RS,1
40.0,87.0,312.0,1.149773042086685,RS,0
17.0,99.7,312.0,-19.55546739158216,RS,0
-8.0,106.6,15.0,-8.768642515929034,RS,1
41.0,49.9,130.0,-37.15950213061407,RS,1
5.0,91.4,107.0,5.493194586016953,RS,0
36.0,88.9,315.0,-17.48855007099408,RS,0
10.0,96.9,146.0,34.01939580275461,RS,0
3.0,77.1,51.0,20.73949905689183,RS,0
-12.0,92.5,7.0,24.828397118946043,RS,0
7.0,78.8,102.0,18.58241594895579,RS,0
51.0,93.1,263.0,-20.873307881200095,RS,0
18.0,83.2,221.0,22.636149321919262,RS,1
26.0,79.0,269.0,-3.3923625916097007,RS,0
54.0,70.7,178.0,-6.106431460450411,RS,0
34.0,93.1,349.0,5.335047709830444,RS,0
-5.0,96.4,18.0,30.27991526272465,RS,1
-4.0,101.6,23.0,34.844587016244176,RS,0
18.0,90.8,246.0,30.9474818828364,RS,1
64.0,89.3,180.0,-40.81669289293848,RS,0
18.0,103.5,348.0,-18.403235520368867,RS,1
-8.0,92.0,19.0,12.488352087144495,RS,1
31.0,96.6,369.0,7.060748680039351,RS,0
27.0,101.3,375.0,20.06860674099858,RS,1
30.0,91.2,352.0,6.2831656839149055,RS,0
-20.0,100.3,5.0,-9.081896233407122,RS,0
19.0,90.1,279.0,3.5212505938375913,RS,1
-56.0,67.6,2.0,-23.876677539535947,RS,1
54.0,88.5,214.0,15.045934915054596,RS,0
4.0,105.5,105.0,-17.275207666766963,RS,0
-6.0,81.7,18.0,25.086630806908744,RS,1
54.0,94.0,219.0,6.421992790393876,RS,0
32.0,96.3,364.0,31.11271305075362,RS,1
72.0,92.3,106.0,8.983185733326764,RS,0
5.0,72.3,64.0,11.318104300167331,RS,0
27.0,75.1,253.0,-5.596321780164243,RS,1
34.0,93.5,331.0,29.016851241447743,RS,0
14.0,77.1,191.0,-6.960008095502661,RS,1
32.0,91.2,342.0,-33.19957961755961,RS,1
-26.0,85.3,4.0,-27.30761857417876,RS,1
9.0,81.9,117.0,27.15106191540226,RS,1
10.0,101.9,243.0,-13.864495415354884,RS,1
-4.0,86.6,25.0,24.70622239076929,RS,1
5.0,97.3,97.0,-12.283596470220361,RS,0
24.0,98.9,371.0,11.942895803749947,RS,0
-36.0,23.8,2.0,-17.660299021726306,RS,0
8.0,95.4,135.0,1.6531125748686941,RS,1
-1.0,68.5,21.0,20.310874059759165,RS,0
24.0,96.1,320.0,-33.8733104894245,RS,1
65.0,58.1,97.0,-41.71524146101001,RS,0
12.0,60.3,103.0,-4.487437369975825,RS,0
-17.0,97.5,6.0,-16.97304095090591,RS,0
8.0,89.3,110.0,13.923944328971526,RS,1
38.0,107.0,395.0,23.129784977781615,RS,1
-19.0,95.7,4.0,19.853025328548437,RS,0
40.0,86.5,310.0,31.079854813089067,RS,0
1.0,96.8,57.0,26.44850942706458,RS,0
-2.0,92.5,33.0,33.64059164141224,RS,0
6.0,102.9,169.0,21.84818776959859,RS,1
-19.0,90.9,6.0,-25.233561280681975,RS,0
-15.0,90.6,7.0,33.91158798731612,RS,0
61.0,73.8,156.0,-22.43183173672483,RS,0
2.0,98.4,63.0,3.981064353146029,RS,0
21.0,104.4,382.0,24.61439759646303,RS,1
1.0,84.4,44.0,17.478059798060677,RS,0
-12.0,103.8,10.0,-0.2017806553915686,RS,0
-3.0,100.1,31.0,-14.614234573333139,RS,0
-7.0,101.1,18.0,-15.737543555997178,RS,0
37.0,82.8,306.0,32.79294370428721,RS,0
3.0,105.5,67.0,-33.3037210268791,RS,1
51.0,63.6,176.0,12.387234192166023,RS,0
39.0,91.7,305.0,29.387145491051037,RS,0
23.0,94.8,334.0,8.784545439176568,RS,0
-22.0,63.9,6.0,25.784916663585406,RS,0
28.0,81.7,277.0,-7.51297966250642,RS,0
30.0,87.3,310.0,-27.46124224373723,RS,0
47.0,86.7,270.0,-14.693121938600948,RS,0
37.0,85.7,299.0,-19.017154198636927,RS,0
-12.0,94.8,9.0,36.291087471199575,RS,0
10.0,82.2,157.0,22.84430391049634,RS,1
49.0,80.2,217.0,4.896278685183,RS,0
27.0,99.4,381.0,6.132849275449113,RS,0
3.0,75.7,54.0,36.396241008312195,RS,1
60.0,62.3,134.0,-2.9710262664352696,RS,0
55.0,91.9,244.0,-22.6062861669514,RS,0
32.0,102.6,383.0,-29.389563085329044,RS,1
33.0,103.1,381.0,32.9981824949176,RS,1
-5.0,89.2,24.0,30.198203949235417,RS,0
-15.0,97.6,10.0,-23.07373348913136,RS,0
14.0,105.9,292.0,14.765088711649957,RS,1
-9.0,65.5,10.0,-9.275995496152964,RS,0
41.0,98.8,343.0,-18.545411235905487,RS,0
-6.0,97.9,18.0,21.819751161564078,RS,0
6.0,82.9,85.0,-27.09493901160161,RS,0
-6.0,97.9,13.0,-5.747702793833123,RS,1
59.0,80.1,169.0,32.193434525177274,RS,0
20.0,90.9,284.0,26.73406275162744,RS,0
3.0,104.3,76.0,-26.66286367148435,RS,0
82.0,86.6,15.0,99.83660946897626,RS,0
5.0,106.3,111.0,11.705952214362872,RS,1
75.0,88.6,73.0,-24.244234100233992,RS,0
62.0,60.1,113.0,13.819742878020902,RS,0
3.0,85.0,61.0,-22.435653694254363,RS,0
24.0,96.7,339.0,15.566203986611011,RS,0
13.0,92.6,173.0,31.898093238177143,RS,1
2.0,89.3,62.0,-14.698586982680748,RS,0
20.0,99.5,334.0,25.565906034666554,RS,0
-5.0,86.5,24.0,-29.78878843091651,RS,0
71.0,79.1,162.0,28.374641347080303,RS,0
0.0,86.8,48.0,30.66967446648235,RS,1
26.0,75.2,253.0,11.057454357688304,RS,1
10.0,71.2,108.0,16.40079456812136,RS,0
-6.0,94.7,16.0,-1.769584763543234,RS,0
23.0,105.5,390.0,-3.598608750420892,RS,0
17.0,87.1,228.0,27.574605471748058,RS,1
37.0,79.3,278.0,-9.328609088084512,RS,0
7.0,106.2,137.0,-21.380791787865213,RS,1
-9.0,106.0,16.0,-10.84056146886332,RS,0
-15.0,105.3,5.0,32.059935766623525,RS,0
21.0,96.6,301.0,-20.40557939502976,RS,0
-76.0,48.3,1.0,28.789904638263916,RS,0
14.0,103.5,244.0,-18.151399850384045,RS,1
-48.0,76.7,1.0,35.46630502334125,RS,0
-6.0,57.2,18.0,1.207528421036435,RS,0
27.0,107.1,426.0,-20.577751737674745,RS,1
4.0,101.5,103.0,0.31187429641643744,RS,1
14.0,103.5,271.0,15.10496687879767,RS,1
-9.0,100.4,19.0,34.13126271076639,RS,1
55.0,89.8,216.0,-14.871054564956832,RS,0
81.0,83.4,19.0,14.540463295451472,RS,0
10.0,109.2,231.0,9.456224444353289,RS,1
-46.0,53.0,2.0,-36.95754781474699,RS,0
55.0,72.4,178.0,18.268857388924477,RS,0
55.0,91.7,238.0,-3.9012034579259076,RS,0
11.0,111.9,234.0,-24.47379303312899,RS,1
-7.0,95.7,16.0,-7.03660337796914,RS,0
23.0,100.5,364.0,-13.494768265397632,RS,1
12.0,83.0,139.0,35.03799173069039,RS,0
-59.0,72.4,2.0,-5.252694065292854,RS,0
35.0,96.4,354.0,-4.205973890804687,RS,0
1.0,101.4,60.0,-6.659915817114287,RS,1
-13.0,98.2,8.0,-16.056620148946678,RS,0
7.0,106.3,224.0,-0.9902910477842639,RS,1
48.0,100.4,299.0,27.61626956634249,RS,0
-14.0,72.6,12.0,-28.64729047764259,RS,0
42.0,82.1,259.0,15.732649679068116,RS,0
8.0,109.2,159.0,-22.829385482469895,RS,1
15.0,86.8,197.0,19.017487207828687,RS,1
24.0,97.1,370.0,-11.155713277738958,RS,1
36.0,98.8,337.0,-17.072465673494413,RS,0
66.0,86.7,141.0,2.8549250540135893,RS,0
18.0,99.5,285.0,-29.460164727684585,RS,1
21.0,86.2,279.0,-3.396789578260348,RS,1
-52.0,71.8,2.0,25.394583378704112,RS,0
19.0,90.9,265.0,26.011425567398746,RS,1
35.0,87.1,320.0,12.603851624654908,RS,0
4.0,93.6,98.0,-21.035309319345433,RS,1
-3.0,96.5,25.0,31.60251330502761,RS,0
46.0,91.9,273.0,27.620355276819538,RS,0
-17.0,98.1,5.0,-9.0416842451214,RS,0
14.0,114.7,414.0,-5.696490878358641,RS,1
-22.0,101.8,5.0,9.242787786045996,RS,1
16.0,93.4,238.0,13.926068528004272,RS,1
9.0,81.3,125.0,-1.2019114095299703,RS,1
81.0,86.5,29.0,60.945955439280006,RS,0
-6.0,103.6,19.0,32.739293071142185,RS,0
26.0,105.3,414.0,-20.954923671267046,RS,1
13.0,88.7,160.0,-24.653127384398573,RS,1
46.0,101.6,318.0,1.927212143697162,RS,0
72.0,86.0,95.0,22.183379010945984,RS,0
0.0,112.1,51.0,-10.899039102947889,RS,0
78.0,74.0,72.0,-64.34358241635749,RS,0
31.0,85.5,292.0,24.461592912568314,RS,0
-7.0,80.7,12.0,18.620491877219283,RS,0
43.0,93.4,304.0,-26.32358074203033,RS,0
-1.0,104.7,39.0,22.813481019787012,RS,0
-34.0,87.4,3.0,27.139086357315442,RS,0
17.0,73.0,181.0,0.4284672927870933,RS,1
23.0,103.6,370.0,30.108179808314645,RS,1
-36.0,63.6,3.0,-27.707374399615084,RS,0
-35.0,83.8,4.0,-12.247164189945515,RS,0
61.0,95.8,196.0,-10.821645689018242,RS,0
17.0,89.3,273.0,11.586288334644683,RS,1
2.0,106.0,72.0,25.649694819125337,RS,1
32.0,64.9,215.0,8.869331573191229,RS,1
9.0,98.0,193.0,-14.517935004285416,RS,0
17.0,67.3,151.0,-29.940630674915667,RS,1
21.0,102.0,278.0,33.60807681819349,RS,1
72.0,82.6,86.0,21.460314537081654,RS,0
-14.0,99.9,11.0,-28.08723752844557,RS,0
36.0,102.3,367.0,2.5535864489950835,RS,0
-6.0,71.9,13.0,-19.04456839968518,RS,0
29.0,101.6,417.0,3.4083928542178517,RS,1
12.0,115.8,344.0,-23.43257950515032,RS,1
9.0,96.2,171.0,17.73929737444345,RS,1
-8.0,105.1,15.0,-5.760841997840285,RS,1
58.0,87.1,198.0,36.12532965542594,RS,0
-11.0,93.4,10.0,26.721265336644834,RS,0
-13.0,84.8,11.0,-20.763809047974558,RS,0
-44.0,66.9,2.0,10.572597249631276,RS,0
37.0,101.6,369.0,-27.28227879063577,RS,0
51.0,86.8,263.0,4.98217436172135,RS,0
15.0,84.6,243.0,-0.8772522322957735,RS,1
27.0,88.3,316.0,-19.36264831879849,RS,0
4.0,97.8,98.0,16.876519949285672,RS,1
25.0,98.8,364.0,0.16705648852167337,RS,0
32.0,92.3,350.0,-17.871458914259254,RS,0
16.0,88.2,236.0,2.1550966609714997,RS,1
42.0,105.3,345.0,-11.394152414934224,RS,0
11.0,76.6,138.0,9.778992437267215,RS,0
12.0,100.0,202.0,15.49088055146586,RS,1
60.0,98.0,213.0,-27.192777355930296,RS,0
47.0,96.0,296.0,9.02009444300733,RS,0
-63.0,72.3,1.0,15.019823710863019,RS,0
-28.0,75.6,5.0,0.8612750145611561,RS,0
9.0,86.2,124.0,-21.511221823449155,RS,1
15.0,95.6,227.0,-27.39153045237844,RS,1
-5.0,81.1,21.0,-29.265795299391627,RS,0
8.0,108.6,140.0,10.438996608516907,RS,1
55.0,93.8,218.0,9.404171412126761,RS,0
14.0,87.1,190.0,15.90663002719436,RS,1
12.0,102.6,252.0,-20.869330256399603,RS,1
0.0,67.0,36.0,18.484267371712114,RS,0
19.0,105.9,359.0,-5.7734736678042715,RS,0
22.0,89.0,275.0,29.98623548418363,RS,0
48.0,89.3,279.0,-29.919168498360122,RS,0
20.0,103.8,361.0,-16.864570232641977,RS,0
20.0,78.8,236.0,-3.926208033475167,RS,1
22.0,105.3,346.0,31.04089787396835,RS,1
10.0,102.8,192.0,35.36106868442394,RS,1
9.0,103.6,159.0,10.924649695045005,RS,1
10.0,102.4,200.0,-11.376627398018412,RS,1
-14.0,97.9,11.0,-8.140175507043136,RS,0
27.0,104.3,409.0,-26.911826906104842,RS,1
24.0,93.0,345.0,-2.7787153203316866,RS,0
-29.0,77.8,4.0,18.839133405677565,RS,0
-30.0,91.8,4.0,35.14627119336309,RS,0
42.0,100.8,354.0,21.045338231960034,RS,0
21.0,84.3,290.0,23.671672091268427,RS,0
-35.0,59.9,2.0,-21.013027639651636,RS,1
-6.0,91.2,23.0,-19.76734748097563,RS,0
21.0,86.9,279.0,21.616197245027205,RS,0
33.0,88.0,312.0,-20.310966699862743,RS,0
5.0,93.3,85.0,17.725828202160187,RS,1
49.0,104.7,314.0,-16.30929328091382,RS,0
36.0,87.9,300.0,-21.955635331878085,RS,0
20.0,107.7,373.0,-19.18294610267926,RS,1
18.0,75.6,199.0,-19.453207768481526,RS,1
23.0,98.7,354.0,20.377817568566446,RS,1
-57.0,66.3,1.0,-20.409758651060827,RS,1
-10.0,88.4,10.0,32.06929384458627,RS,0
-3.0,97.3,33.0,-13.456366433644723,RS,0
2.0,93.3,75.0,21.48138486682725,RS,0
-36.0,90.1,3.0,16.842272528422335,RS,0
27.0,100.5,376.0,18.951385208026505,RS,1
-7.0,95.3,14.0,32.8829566965634,RS,0
12.0,96.8,213.0,19.00014494053236,RS,1
16.0,105.1,268.0,-27.11458332803206,RS,1
60.0,97.1,220.0,10.404930200657338,RS,0
7.0,89.7,110.0,-14.299337742539198,RS,0
-6.0,93.0,20.0,-18.60327403157577,RS,0
9.0,92.5,181.0,22.063304472498587,RS,1
26.0,99.5,382.0,1.6399258556408736,RS,0
4.0,99.7,105.0,0.7491375277566675,RS,1
-5.0,89.6,19.0,28.977583859557214,RS,0
72.0,91.2,78.0,23.79087277322025,RS,0
1.0,79.9,47.0,37.88962285025152,RS,0
7.0,64.4,68.0,-15.80239391807255,RS,0
75.0,90.0,95.0,54.15489076613038,RS,0
-1.0,89.2,34.0,-1.8091860104952386,RS,0
38.0,86.0,298.0,34.0842772839858,RS,0
4.0,93.7,89.0,-1.6174574050630848,RS,1
-27.0,102.5,5.0,-8.166118433370595,RS,0
73.0,76.7,108.0,-56.79245398964803,RS,0
15.0,107.4,299.0,-16.945262978975205,RS,0
33.0,94.4,358.0,-1.4319634864767694,RS,0
74.0,88.0,73.0,-11.918573653751757,RS,0
20.0,105.0,405.0,-7.919482008460983,RS,1
24.0,95.6,366.0,-23.54616371535394,RS,1
3.0,91.2,65.0,-21.988895464566674,RS,1
-22.0,85.6,6.0,-34.2586000124298,RS,0
15.0,88.1,239.0,3.4708834929924572,RS,1
16.0,103.2,318.0,2.9594709771179426,RS,0
22.0,91.3,334.0,-6.9060410626783515,RS,0
-13.0,94.9,9.0,-26.51165005460899,RS,0
-6.0,87.3,19.0,-25.003175901686184,RS,0
16.0,105.4,363.0,-4.8862552743433465,RS,0
11.0,105.0,243.0,-13.320602467071653,RS,1
-47.0,78.7,2.0,-32.020524957003715,RS,0
-10.0,90.4,14.0,28.296577851639526,RS,1
26.0,99.1,358.0,8.487967620668048,RS,1
-17.0,67.3,5.0,-30.815645408453236,RS,0
1.0,105.5,58.0,25.358543781454827,RS,1
-19.0,91.2,9.0,-7.736791161798406,RS,0
-15.0,106.1,6.0,-12.456477904416612,RS,1
28.0,86.8,334.0,15.421511624468176,RS,0
-53.0,68.4,2.0,2.706546190394909,RS,0
32.0,95.2,348.0,17.57983448147104,RS,1
11.0,97.9,263.0,4.726106337960662,RS,1
19.0,97.0,298.0,24.40795097982751,RS,0
32.0,103.1,393.0,-27.629672772570657,RS,1
-9.0,86.4,14.0,8.3877602802633,RS,0
-4.0,102.5,27.0,-11.608247646452622,RS,0
-10.0,103.7,11.0,-5.4207831378458,RS,0
-21.0,78.8,5.0,32.59283861660569,RS,0
-75.0,65.6,1.0,34.38582965198103,RS,0
77.0,77.4,60.0,-86.14688885282528,RS,0
1.0,102.4,56.0,16.08489181867426,RS,0
15.0,87.1,218.0,10.896328281072703,RS,1
37.0,64.7,196.0,-32.362161923497474,RS,1
20.0,107.7,312.0,36.795469569184455,RS,1
13.0,109.2,284.0,-9.948756074709422,RS,1
83.0,77.2,16.0,0.2949001178884013,RS,0
24.0,101.6,380.0,-24.388014753269104,RS,1
-5.0,86.2,27.0,-22.343571061056743,RS,0
8.0,104.6,136.0,-25.13795547756969,RS,1
57.0,88.6,225.0,29.987850457001443,RS,0
43.0,87.2,282.0,39.43072418119774,RS,0
2.0,90.1,55.0,-25.854552991477128,RS,0
-4.0,106.0,18.0,-1.331551157665449,RS,0
65.0,68.8,116.0,22.3191011655612,RS,0
39.0,101.9,381.0,-21.019611279281428,RS,1
53.0,89.6,237.0,10.2860824285363,RS,0
45.0,96.7,299.0,-13.843059540739773,RS,0
-37.0,70.6,3.0,-32.53581772498213,RS,0
36.0,71.1,226.0,-5.815212251370395,RS,1
13.0,75.0,141.0,-3.434771311815676,RS,1
-24.0,97.3,6.0,-15.58422443362781,RS,0
-3.0,87.0,29.0,-28.96252444694329,RS,0
19.0,104.1,380.0,-19.064967621703225,RS,1
31.0,71.9,251.0,-6.288977195188092,RS,0
-4.0,94.6,17.0,10.14719102041358,RS,1
-12.0,85.8,9.0,-29.32959978463302,RS,0
37.0,100.1,348.0,-2.7370160915568698,RS,0
43.0,83.2,271.0,17.05026300950846,RS,0
